evidence_unit,status,scientific_role,authoritative_source,claim_use
known_truth_v2_6,supported,known_truth_recovery_and_process_safety,docs/product_a_v2_6_fresh_validation_result_2026-08-19.md,supports_architecture_not_empirical_promotion
known_truth_v2_7_2,supported,deterministic_known_truth_recovery,docs/product_a_v2_7_2_known_truth_result_2026-08-23.md,supports_implementation_and_known_truth_claims_only
empirical_v2_8_3,technical_execution_terminal,presealed_runtime_cancellation,run_33036252432,provenance_only_not_scientific_negative
empirical_v2_8_4,empirical_confirmation_not_supported,full_denominator_fresh_terminal,run_33364164527_artifact_9750071472,primary_fresh_scientific_result
prediction_guardrail,supported,presence_rank_guardrail,run_33364164527_artifact_9750071472,conditional_component_of_terminal_result
ecological_support,not_supported,strict_ecological_improvement_rule,run_33364164527_artifact_9750071472,blocks_product_a_promotion
process_reproducibility,supported,process_status_modal_reproducibility,run_33364164527_artifact_9750071472,conditional_and_cannot_override_primary
product_a_promotion,not_promoted,separate_promotion_decision,configs/product_a_v2_8_4_promotion_decision.json,closes_product_a_scientific_development
product_b,blocked,separate_paper_entry_gate,configs/product_a_v2_8_4_promotion_decision.json,no_product_b_analysis_or_claim
