candidate_rank,scientific_name,family,genus,n_occurrences,n_unique_1_degree_cells,selection_hash
1,Salix sitchensis,Salicaceae,Salix,1545,111,000956b1f5d15aa402f61204bb8d740c85d424d7c390e49559587ac4e938ed23
2,Symphyotrichum simmondsii,Asteraceae,Symphyotrichum,576,28,000a30d143268796403e631b012e55c97f421684618fdf9752a25f74fbd53f50
3,Hieracium spissidens,Asteraceae,Hieracium,510,25,001166407d836eee3b9ef45ad8fc40e47739de156c46cee81ae28fad1266a5d5
4,Carex paniculata,Cyperaceae,Carex,56757,469,0012a4324fdcee37962f85d1d379ac4f7a320b78f1bf0cec2cff52e3f6954d74
5,Pseudolycopodium densum,Lycopodiaceae,Pseudolycopodium,1987,75,001db094b40f5b133ed38fde0adc70737ee9a4a2bc605de92251036fec9616e0
6,Smilax ecirrhata,Smilacaceae,Smilax,541,94,001de2813d878208b55e6789cb4b76febac94ff9275da4ee5513aeea55749cd6
7,Abelmoschus moschatus,Malvaceae,Abelmoschus,540,177,00212f10f80851a5d8a21ad7278dfa17c0457c8064b9a761bd4ed8038d6a4fe3
8,Paronychia cephalotes,Caryophyllaceae,Paronychia,941,37,0024c7297908c4ec4df22077e10453288fcd2e9ac9d9555e4daf31aacdcd268e
9,Macropiper excelsum,Piperaceae,Macropiper,4591,46,0029a17c2b5ef02af3f852a8765382ec9cb37ceea72bd326008d5a4109487769
10,Xylocarpus granatum,Meliaceae,Xylocarpus,724,108,0029b49b55e6f42ed43043ad7b348b87fc66f697e38a9ba6081add1e3ca4f91e
11,Eucalyptus platyphylla,Myrtaceae,Eucalyptus,748,38,0029c4b67bb090e9a27981c589d815ab5beba5d43cbc1d90013406a84ad85014
12,Aphyllon franciscanum,Orobanchaceae,Aphyllon,2004,120,0034b527d81fd88f0f8fed32c5b48e598ff26a87fc408c5e1b9f66efecc5eb2b
13,Wachendorfia paniculata,Haemodoraceae,Wachendorfia,2402,21,00357102b06b28bee51520518d4390f5e8b770f8a5acd72757d88c1a07cb9953
14,Sidalcea candida,Malvaceae,Sidalcea,500,44,0035766f3cc1b2f0e07f0df626e3d35904041d32f388ad7128988a67d76a5ec2
15,Adiantum tenerum,Pteridaceae,Adiantum,688,131,003e1f97412be21a6b6aa3f8c7bb0f6f35a55f897e82f3a5688152f45aefd4f9
16,Ranunculus bullatus,Ranunculaceae,Ranunculus,1158,108,003fc08c8c4136028721262f332b3a4f6b4764668ed945f8274c92c160ca7ba1
17,Descurainia pinnata,Brassicaceae,Descurainia,2261,312,004b5161bae55c23538c59db33ebd3d1608c0e615eefbfee4e2fceeb9349d962
18,Rotala rotundifolia,Lythraceae,Rotala,531,82,0052a9eb22ae011bbe3e128aa6946974db930f073adb8bcb9b59a1c5c50f01c1
19,Arthrostemma ciliatum,Melastomataceae,Arthrostemma,1507,113,005a7cea4c8270c55b7f86cb536e4a17848f7b9b565e24ca34bd16a89b419dc1
20,Parogonum ciliinode,Polygonaceae,Parogonum,2239,217,00641fe33d3a8a66152d28afd29273acbcdb365aa9b54537ce485ea9ce5163de
21,Lavandula pedunculata,Lamiaceae,Lavandula,6158,70,006c27f2fc7138ae31cb0a5c32719644bb9dea04057275b8fe2aa4967aa54c7e
22,Hydrophyllum canadense,Hydrophyllaceae,Hydrophyllum,2172,122,00712c72e8b1b817cae1642c926a2cdfd4df86993f63881033e88f0fd60b0caf
23,Raukaua edgerleyi,Araliaceae,Raukaua,671,39,00770ee8464a0dfd8ac01ca2f5635e86ee3a23509fb749feefd6f9908161c4c9
24,Pullenia gunnii,Fabaceae,Pullenia,3330,74,0081d06ab407280ed531b2c7e29fe1190570d82779b36c19dd5e2561e276b354
25,Burchellia bubalina,Rubiaceae,Burchellia,1869,44,0087772cd3f683c0692543e315faf8843168addb1a3ec61c2aad04a875e1953e
26,Sporobolus pyramidalis,Poaceae,Sporobolus,2862,270,009438efcee065c5aedfb5bd8a59df7a80fc190d8c1d85f3e046bbd8d91965ac
27,Vinca difformis,Apocynaceae,Vinca,8615,244,0096f5a66d174ba165af8b9e52be47417c856f8885b82e1524dcace3203cdc39
28,Cunonia capensis,Cunoniaceae,Cunonia,1432,23,009c60a22d9633d21e20ae99544d64abeeb6f47c18e136ac2ca9a8298ddddc17
29,Anthyllis vulneraria,Fabaceae,Anthyllis,122684,1010,00a262fa505d8a1571a35eb2607fb237e9682fcf9139f2222795960dfabc06a7
30,Micranthes foliolosa,Saxifragaceae,Micranthes,926,146,00a3dd5fb1901b064df5fdbd0379787aed34f618f1a0e9cddaed8b6f5ce248a2
31,Aira multiculmis,Poaceae,Aira,1824,60,00a62fe0aae2672d14940493c4f9590509cf2ce865710c904854b4ff68751f41
32,Monotropastrum humile,Ericaceae,Monotropastrum,997,103,00a8126332d2999136bc2d64036ef5bc88fdfca8f43b1dab11bae16594bb6f61
33,Musanga cecropioides,Urticaceae,Musanga,1221,92,00b0df274da7cd00ce511a5992f0ce324178fb37109fb300b8f5754cecfe5ca9
34,Hellenia speciosa,Costaceae,Hellenia,3486,421,00b5978a0041357e1de73adb729a0cb2cd8c172def8de607f5234bb833dddb36
35,Alnus alnobetula,Betulaceae,Alnus,18827,753,00ba60f12582b33cbb91d13af93824ab42d73bf1884ab2fdbe4ebe5d2338df34
36,Kallstroemia maxima,Zygophyllaceae,Kallstroemia,919,196,00bb14d3bbd733e61bbe3756ada15bc88a68e0d084e78b47f8d993880be7fa9f
37,Clematis occidentalis,Ranunculaceae,Clematis,3490,211,00c25f0007259d2f4859bedcdd5fff9bb5deb865a260cba7dad5ce32941a7474
38,Guatteria australis,Annonaceae,Guatteria,767,70,00c6509ce0c5b179081480a7fca9e003ab1e98a5cf946a2155064a230c7e8a5b
39,Juncus squarrosus,Juncaceae,Juncus,52984,343,00cf11f1aca1c25a83fade32f8fb0b9b0ec04022c0f6943a9c6d5ca5e71ce7d6
40,Lomandra collina,Asparagaceae,Lomandra,602,52,00cffdcae80ff51e3a5f1bfc635f05dd38e4dd0e41a6bb17cd5cac960bdb84be
41,Cerastium semidecandrum,Caryophyllaceae,Cerastium,37693,672,00e86f42931a0a846dda94c0152aff01d9023d0ec833a2b1f55a4069d917999a
42,Hyptis alata,Lamiaceae,Hyptis,2559,68,00f3d0888b2a1993c0099f98659deaf657a102a32417ad4793fa360c19edfd6b
43,Coprosma repens,Rubiaceae,Coprosma,6864,180,011242c23a59945bdf9689b3a9d107fa12b68f8d5f40927b9e48dc3f13c1a7b9
44,Erythroxylum macrophyllum,Erythroxylaceae,Erythroxylum,714,95,0118fe62d01d072b38ba51affc5119814382335ab3e963141451751df214fc67
45,Solanum chrysotrichum,Solanaceae,Solanum,3090,113,0128d7622b491b154d6f0b4ee8cd285d271cdddbf8181cbbbb08412df8512fb8
46,Coryphantha cornifera,Cactaceae,Coryphantha,558,20,013953b08ce4f6d6db9d458d2efbb432f2af7d7bb3fada475da15829e0976459
47,Tristerix corymbosus,Loranthaceae,Tristerix,1864,41,013b9cb331fcd6e1c5271d0ac95d730c29fcdeac8ffe081d6c862422cd0f6055
48,Cerinthe minor,Boraginaceae,Cerinthe,3586,242,0148c492588a4466852f8a549abd2ff6dc418f906b42d1ee6e039d73801215d9
49,Phoenicaulis cheiranthoides,Brassicaceae,Phoenicaulis,1314,64,0148d86cc781db504eec5ed2d863147858c9dcca79db10189f6b0a530a9663b8
50,Serpocaulon catharinae,Polypodiaceae,Serpocaulon,591,69,014aaad231fc1ecb39526ee75cfe9bc15044279e78c14224a7f77a55f01f10ba
51,Viola fimbriatula,Violaceae,Viola,892,86,014e4a2759503a41dccb376150bab1837108f0e924ebb59f04aa95840947048c
52,Antidesma venosum,Phyllanthaceae,Antidesma,1165,100,0153a1918eaf07a996279436ae7c58c3f8474fa4ea110e2603cf392147918132
53,Rumex aquaticus,Polygonaceae,Rumex,7466,671,0160644bdb1a54e84a0fc799cf8d82d5784de225703a69520b895b8c3c88058b
54,Luzula arcuata,Juncaceae,Luzula,1277,113,01607c9163a7c338828e725a86a1a45771e9e3a6b056b40b58729c7470518a68
55,Epilobium coloratum,Onagraceae,Epilobium,1606,210,0161b95dc30d1360adb4c7c94915674fdb697db34c51a41f505b03ce7cd5fb98
56,Gleichenia alpina,Gleicheniaceae,Gleichenia,714,30,016d05ed4ce69cbd575cf57d217fa8ad2f283d1ab4bffa45fb8932dda6eab2ab
57,Eleocharis pusilla,Cyperaceae,Eleocharis,2846,103,0170e8df0fb5eda297da8f79b6f205ed6136471796cecaf5a6fe10b726411878
58,Pittosporum viridiflorum,Pittosporaceae,Pittosporum,1643,98,017a11ed3a7e28784c84948dfbe10ae827e874bc9d70175a65b48ae789cbf426
59,Calypso bulbosa,Orchidaceae,Calypso,7840,280,017c240d77e1411b7b9c49ca91476f982ba91b6f558f3f3772ca550a2a452c65
60,Penstemon ellipticus,Plantaginaceae,Penstemon,1247,33,017d8215715c0c3fb9eeca1b64f508720ba46320c7a7eb2c152cc834c0000e21
61,Taxodium mucronatum,Cupressaceae,Taxodium,2538,108,01923a10c0bfcb8c9fe9c01d9b866af01bc6534ff482320e98f45d7d44103f3e
62,Grevillea juniperina,Proteaceae,Grevillea,1296,35,01a35634fbd6b616982262189f554562ba31f2803286de19ad185005239b00d7
63,Prunus andersonii,Rosaceae,Prunus,1385,22,01affe8f81ed68b0f0cbbbbfc611b0cd846f028a63b7cd7ca9949e33b710a142
64,Myriopteris lindheimeri,Pteridaceae,Myriopteris,1473,51,01b4ff204b5038d38c4ca408100756e9c1dca48e35e8ed81568313c8f111147e
65,Roupala montana,Proteaceae,Roupala,1199,241,01cc9c4dae0c74f7de68d66de739ff273fc331afe456f74e4eb2f59141bb9360
66,Ribes magellanicum,Grossulariaceae,Ribes,574,55,01d4701ae6cd6098a7f4eff4b5d2612f12c0364a1fbf04cc9d33109b64f5da29
67,Gagea serotina,Liliaceae,Gagea,3621,251,01e2a1da3b4a338fd60d83562cdb0d315f0e5a640aaada44b66def881524accc
68,Ficus septica,Moraceae,Ficus,3400,113,01e41ec6d4170a323036650da0b5af21dd6b4dc508fc10f08342b777f5db5a90
69,Hydrocotyle verticillata,Araliaceae,Hydrocotyle,2910,408,01e9b30d440766ce7c6f24a7cfa10be3aa712db74f40a037feb014d5ffe714e9
70,Maireana appressa,Amaranthaceae,Maireana,652,75,01ef5eb2a4da9499464f9ece5ceacf8089b176cded10122b4eb01aeaef577d76
71,Geranium carolinianum,Geraniaceae,Geranium,11804,537,01ff63ef5079bbde3755e4e2e699cacc9b7d1238c4ae74bb7140b9a5995e7637
72,Marginatocereus marginatus,Cactaceae,Marginatocereus,810,61,02010fffc7e53967d4c2b58ba31178886ed2218203bc547ef206a3cc61302d6d
73,Rubus saxatilis,Rosaceae,Rubus,81499,1266,0212a342a90d7afc91044448de595de34e4b5ac1543ac1e7ebcd7c10c60266dc
74,Gentiana calycosa,Gentianaceae,Gentiana,2507,63,021758740536588df1181c1b1714505b191692f066e9fd7eba96083f82d19c30
75,Asplenium platyneuron,Aspleniaceae,Asplenium,20590,343,02185b31e773688bb89693cff3d966b9dd2d4e5ed1acf63056e8de32f8f80fee
76,Thelymitra antennifera,Orchidaceae,Thelymitra,2628,71,022aca5ea5a2bc8525deb5bd170a662b654e09b85ea015510a7e175572e65412
77,Ailanthus altissima,Simaroubaceae,Ailanthus,152937,1614,022ffa44493b7cf3653d0298ae737a268a6d4b404b776aadbaab22a81c2e7f0a
78,Zingiber spectabile,Zingiberaceae,Zingiber,2367,214,023017fbeb3059344cd6d31b371f73c2ba68bcc445ed8090993c5aa542403c0f
79,Silphiodaucus prutenicus,Apiaceae,Silphiodaucus,3443,109,024279d27e039bd08d83b2a5ca47b4e7fc03a88a395b9d51c5263b297ba51406
80,Centella uniflora,Apiaceae,Centella,948,52,0244cf581e3660debd89a44fe76096a04f83f0fe5bbbaada387bdb9a89383302
