selection_rank,candidate_rank,scientific_name,family,genus,n_occurrences,n_unique_1_degree_cells,selection_hash,model_pool_rows,model_pool_joint_finite_rows,model_pool_joint_finite_fraction,background_300km_rows,background_300km_joint_finite_rows,answer_check_support_read,numeric_soil_values_persisted,soil_support_eligible
1,2,Symphyotrichum simmondsii,Asteraceae,Symphyotrichum,576,28,000a30d143268796403e631b012e55c97f421684618fdf9752a25f74fbd53f50,204,171,0.8382352941176471,5000,4372,False,False,True
2,3,Hieracium spissidens,Asteraceae,Hieracium,510,25,001166407d836eee3b9ef45ad8fc40e47739de156c46cee81ae28fad1266a5d5,236,226,0.9576271186440678,5000,4146,False,False,True
3,4,Carex paniculata,Cyperaceae,Carex,56757,469,0012a4324fdcee37962f85d1d379ac4f7a320b78f1bf0cec2cff52e3f6954d74,7104,6405,0.9016047297297296,5000,4271,False,False,True
4,5,Pseudolycopodium densum,Lycopodiaceae,Pseudolycopodium,1987,75,001db094b40f5b133ed38fde0adc70737ee9a4a2bc605de92251036fec9616e0,557,521,0.9353680430879712,5000,4599,False,False,True
5,6,Smilax ecirrhata,Smilacaceae,Smilax,541,94,001de2813d878208b55e6789cb4b76febac94ff9275da4ee5513aeea55749cd6,239,216,0.9037656903765692,5000,4463,False,False,True
6,7,Abelmoschus moschatus,Malvaceae,Abelmoschus,540,177,00212f10f80851a5d8a21ad7278dfa17c0457c8064b9a761bd4ed8038d6a4fe3,238,195,0.819327731092437,5000,4334,False,False,True
7,8,Paronychia cephalotes,Caryophyllaceae,Paronychia,941,37,0024c7297908c4ec4df22077e10453288fcd2e9ac9d9555e4daf31aacdcd268e,157,143,0.910828025477707,5000,4212,False,False,True
8,11,Eucalyptus platyphylla,Myrtaceae,Eucalyptus,748,38,0029c4b67bb090e9a27981c589d815ab5beba5d43cbc1d90013406a84ad85014,301,281,0.9335548172757476,5000,4118,False,False,True
9,12,Aphyllon franciscanum,Orobanchaceae,Aphyllon,2004,120,0034b527d81fd88f0f8fed32c5b48e598ff26a87fc408c5e1b9f66efecc5eb2b,521,508,0.9750479846449136,5000,4698,False,False,True
10,13,Wachendorfia paniculata,Haemodoraceae,Wachendorfia,2402,21,00357102b06b28bee51520518d4390f5e8b770f8a5acd72757d88c1a07cb9953,216,208,0.9629629629629628,5000,4817,False,False,True
11,14,Sidalcea candida,Malvaceae,Sidalcea,500,44,0035766f3cc1b2f0e07f0df626e3d35904041d32f388ad7128988a67d76a5ec2,207,202,0.9758454106280192,5000,4695,False,False,True
12,15,Adiantum tenerum,Pteridaceae,Adiantum,688,131,003e1f97412be21a6b6aa3f8c7bb0f6f35a55f897e82f3a5688152f45aefd4f9,311,253,0.8135048231511254,5000,4282,False,False,True
13,16,Ranunculus bullatus,Ranunculaceae,Ranunculus,1158,108,003fc08c8c4136028721262f332b3a4f6b4764668ed945f8274c92c160ca7ba1,502,446,0.8884462151394422,5000,4372,False,False,True
14,17,Descurainia pinnata,Brassicaceae,Descurainia,2261,312,004b5161bae55c23538c59db33ebd3d1608c0e615eefbfee4e2fceeb9349d962,979,896,0.9152196118488254,5000,4540,False,False,True
15,19,Arthrostemma ciliatum,Melastomataceae,Arthrostemma,1507,113,005a7cea4c8270c55b7f86cb536e4a17848f7b9b565e24ca34bd16a89b419dc1,342,314,0.9181286549707602,5000,4456,False,False,True
16,20,Parogonum ciliinode,Polygonaceae,Parogonum,2239,217,00641fe33d3a8a66152d28afd29273acbcdb365aa9b54537ce485ea9ce5163de,1028,862,0.8385214007782101,5000,4307,False,False,True
17,21,Lavandula pedunculata,Lamiaceae,Lavandula,6158,70,006c27f2fc7138ae31cb0a5c32719644bb9dea04057275b8fe2aa4967aa54c7e,1123,1051,0.9358860195903828,5000,4409,False,False,True
18,22,Hydrophyllum canadense,Hydrophyllaceae,Hydrophyllum,2172,122,00712c72e8b1b817cae1642c926a2cdfd4df86993f63881033e88f0fd60b0caf,584,532,0.910958904109589,5000,4444,False,False,True
19,23,Raukaua edgerleyi,Araliaceae,Raukaua,671,39,00770ee8464a0dfd8ac01ca2f5635e86ee3a23509fb749feefd6f9908161c4c9,190,184,0.968421052631579,5000,4363,False,False,True
20,24,Pullenia gunnii,Fabaceae,Pullenia,3330,74,0081d06ab407280ed531b2c7e29fe1190570d82779b36c19dd5e2561e276b354,1033,970,0.9390125847047436,5000,4730,False,False,True
21,25,Burchellia bubalina,Rubiaceae,Burchellia,1869,44,0087772cd3f683c0692543e315faf8843168addb1a3ec61c2aad04a875e1953e,295,270,0.9152542372881356,5000,4719,False,False,True
22,26,Sporobolus pyramidalis,Poaceae,Sporobolus,2862,270,009438efcee065c5aedfb5bd8a59df7a80fc190d8c1d85f3e046bbd8d91965ac,620,554,0.8935483870967742,5000,4569,False,False,True
23,27,Vinca difformis,Apocynaceae,Vinca,8615,244,0096f5a66d174ba165af8b9e52be47417c856f8885b82e1524dcace3203cdc39,2182,1748,0.8010999083409716,5000,4480,False,False,True
24,28,Cunonia capensis,Cunoniaceae,Cunonia,1432,23,009c60a22d9633d21e20ae99544d64abeeb6f47c18e136ac2ca9a8298ddddc17,188,177,0.9414893617021276,5000,4762,False,False,True
25,30,Micranthes foliolosa,Saxifragaceae,Micranthes,926,146,00a3dd5fb1901b064df5fdbd0379787aed34f618f1a0e9cddaed8b6f5ce248a2,456,419,0.918859649122807,5000,4323,False,False,True
26,31,Aira multiculmis,Poaceae,Aira,1824,60,00a62fe0aae2672d14940493c4f9590509cf2ce865710c904854b4ff68751f41,602,565,0.9385382059800664,5000,4291,False,False,True
27,32,Monotropastrum humile,Ericaceae,Monotropastrum,997,103,00a8126332d2999136bc2d64036ef5bc88fdfca8f43b1dab11bae16594bb6f61,291,281,0.9656357388316152,5000,4123,False,False,True
28,33,Musanga cecropioides,Urticaceae,Musanga,1221,92,00b0df274da7cd00ce511a5992f0ce324178fb37109fb300b8f5754cecfe5ca9,229,210,0.9170305676855895,5000,4350,False,False,True
29,34,Hellenia speciosa,Costaceae,Hellenia,3486,421,00b5978a0041357e1de73adb729a0cb2cd8c172def8de607f5234bb833dddb36,1056,879,0.8323863636363636,5000,4318,False,False,True
30,35,Alnus alnobetula,Betulaceae,Alnus,18827,753,00ba60f12582b33cbb91d13af93824ab42d73bf1884ab2fdbe4ebe5d2338df34,4114,3660,0.8896451142440447,5000,4298,False,False,True
31,37,Clematis occidentalis,Ranunculaceae,Clematis,3490,211,00c25f0007259d2f4859bedcdd5fff9bb5deb865a260cba7dad5ce32941a7474,1238,1175,0.9491114701130856,5000,4535,False,False,True
32,38,Guatteria australis,Annonaceae,Guatteria,767,70,00c6509ce0c5b179081480a7fca9e003ab1e98a5cf946a2155064a230c7e8a5b,274,250,0.9124087591240876,5000,4455,False,False,True
33,39,Juncus squarrosus,Juncaceae,Juncus,52984,343,00cf11f1aca1c25a83fade32f8fb0b9b0ec04022c0f6943a9c6d5ca5e71ce7d6,8322,7538,0.9057918769526556,5000,4278,False,False,True
34,40,Lomandra collina,Asparagaceae,Lomandra,602,52,00cffdcae80ff51e3a5f1bfc635f05dd38e4dd0e41a6bb17cd5cac960bdb84be,305,295,0.9672131147540984,5000,4796,False,False,True
35,42,Hyptis alata,Lamiaceae,Hyptis,2559,68,00f3d0888b2a1993c0099f98659deaf657a102a32417ad4793fa360c19edfd6b,471,431,0.9150743099787686,5000,4417,False,False,True
36,44,Erythroxylum macrophyllum,Erythroxylaceae,Erythroxylum,714,95,0118fe62d01d072b38ba51affc5119814382335ab3e963141451751df214fc67,173,167,0.9653179190751444,5000,4587,False,False,True
37,45,Solanum chrysotrichum,Solanaceae,Solanum,3090,113,0128d7622b491b154d6f0b4ee8cd285d271cdddbf8181cbbbb08412df8512fb8,416,376,0.903846153846154,5000,4538,False,False,True
38,46,Coryphantha cornifera,Cactaceae,Coryphantha,558,20,013953b08ce4f6d6db9d458d2efbb432f2af7d7bb3fada475da15829e0976459,246,234,0.951219512195122,5000,4635,False,False,True
39,47,Tristerix corymbosus,Loranthaceae,Tristerix,1864,41,013b9cb331fcd6e1c5271d0ac95d730c29fcdeac8ffe081d6c862422cd0f6055,387,352,0.909560723514212,5000,4582,False,False,True
40,48,Cerinthe minor,Boraginaceae,Cerinthe,3586,242,0148c492588a4466852f8a549abd2ff6dc418f906b42d1ee6e039d73801215d9,1377,1311,0.9520697167755992,5000,4261,False,False,True
41,49,Phoenicaulis cheiranthoides,Brassicaceae,Phoenicaulis,1314,64,0148d86cc781db504eec5ed2d863147858c9dcca79db10189f6b0a530a9663b8,481,476,0.9896049896049895,5000,4706,False,False,True
42,50,Serpocaulon catharinae,Polypodiaceae,Serpocaulon,591,69,014aaad231fc1ecb39526ee75cfe9bc15044279e78c14224a7f77a55f01f10ba,169,159,0.940828402366864,5000,4455,False,False,True
43,51,Viola fimbriatula,Violaceae,Viola,892,86,014e4a2759503a41dccb376150bab1837108f0e924ebb59f04aa95840947048c,294,268,0.91156462585034,5000,4361,False,False,True
44,52,Antidesma venosum,Phyllanthaceae,Antidesma,1165,100,0153a1918eaf07a996279436ae7c58c3f8474fa4ea110e2603cf392147918132,262,236,0.900763358778626,5000,4574,False,False,True
45,54,Luzula arcuata,Juncaceae,Luzula,1277,113,01607c9163a7c338828e725a86a1a45771e9e3a6b056b40b58729c7470518a68,535,522,0.9757009345794392,5000,4295,False,False,True
46,55,Epilobium coloratum,Onagraceae,Epilobium,1606,210,0161b95dc30d1360adb4c7c94915674fdb697db34c51a41f505b03ce7cd5fb98,953,781,0.8195173137460651,5000,4427,False,False,True
47,56,Gleichenia alpina,Gleicheniaceae,Gleichenia,714,30,016d05ed4ce69cbd575cf57d217fa8ad2f283d1ab4bffa45fb8932dda6eab2ab,146,140,0.958904109589041,5000,4285,False,False,True
48,57,Eleocharis pusilla,Cyperaceae,Eleocharis,2846,103,0170e8df0fb5eda297da8f79b6f205ed6136471796cecaf5a6fe10b726411878,457,417,0.912472647702407,5000,4725,False,False,True
49,58,Pittosporum viridiflorum,Pittosporaceae,Pittosporum,1643,98,017a11ed3a7e28784c84948dfbe10ae827e874bc9d70175a65b48ae789cbf426,536,502,0.9365671641791044,5000,4699,False,False,True
50,59,Calypso bulbosa,Orchidaceae,Calypso,7840,280,017c240d77e1411b7b9c49ca91476f982ba91b6f558f3f3772ca550a2a452c65,702,627,0.8931623931623932,5000,4579,False,False,True
