scientific_name,source_groups,source_files,exclusion_reason
"Abelmoschus moschatus","fresh_v3_80","configs/sdmr_fresh_empirical_v3_candidate_roster.csv","fresh_v3_candidate_taxon"
"Abies alba","historical84","configs/sdmr_fresh_empirical_historical_exclusion_v1.csv","historical_product_a_or_candidate"
"Abies balsamea","historical84","configs/sdmr_fresh_empirical_historical_exclusion_v1.csv","historical_product_a_or_candidate"
"Abies concolor","historical84","configs/sdmr_fresh_empirical_historical_exclusion_v1.csv","historical_product_a_or_candidate"
"Abies lasiocarpa","historical84","configs/sdmr_fresh_empirical_historical_exclusion_v1.csv","historical_product_a_or_candidate"
"Acer platanoides","historical84","configs/sdmr_fresh_empirical_historical_exclusion_v1.csv","historical_product_a_or_candidate"
"Acer pseudoplatanus","historical84","configs/sdmr_fresh_empirical_historical_exclusion_v1.csv","historical_product_a_or_candidate"
"Achillea setacea","fresh_v2_50","configs/sdmr_fresh_empirical_selected_taxa_v1.csv","fresh_v2_selected_taxon"
"Adiantum tenerum","fresh_v3_80","configs/sdmr_fresh_empirical_v3_candidate_roster.csv","fresh_v3_candidate_taxon"
"Agrostis stolonifera","historical84","configs/sdmr_fresh_empirical_historical_exclusion_v1.csv","historical_product_a_or_candidate"
"Aidia micrantha","fresh_v2_50","configs/sdmr_fresh_empirical_selected_taxa_v1.csv","fresh_v2_selected_taxon"
"Ailanthus altissima","fresh_v3_80","configs/sdmr_fresh_empirical_v3_candidate_roster.csv","fresh_v3_candidate_taxon"
"Aira cupaniana","fresh_v2_50","configs/sdmr_fresh_empirical_selected_taxa_v1.csv","fresh_v2_selected_taxon"
"Aira multiculmis","fresh_v3_80","configs/sdmr_fresh_empirical_v3_candidate_roster.csv","fresh_v3_candidate_taxon"
"Alnus alnobetula","fresh_v3_80","configs/sdmr_fresh_empirical_v3_candidate_roster.csv","fresh_v3_candidate_taxon"
"Alnus glutinosa","historical84","configs/sdmr_fresh_empirical_historical_exclusion_v1.csv","historical_product_a_or_candidate"
"Alopecurus geniculatus","historical84","configs/sdmr_fresh_empirical_historical_exclusion_v1.csv","historical_product_a_or_candidate"
"Amphilophium crucigerum","fresh_v2_50","configs/sdmr_fresh_empirical_selected_taxa_v1.csv","fresh_v2_selected_taxon"
"Amyema pendula","fresh_v2_50","configs/sdmr_fresh_empirical_selected_taxa_v1.csv","fresh_v2_selected_taxon"
"Anemone ranunculoides","fresh_v2_50","configs/sdmr_fresh_empirical_selected_taxa_v1.csv","fresh_v2_selected_taxon"
"Anthyllis vulneraria","fresh_v3_80","configs/sdmr_fresh_empirical_v3_candidate_roster.csv","fresh_v3_candidate_taxon"
"Antidesma venosum","fresh_v3_80","configs/sdmr_fresh_empirical_v3_candidate_roster.csv","fresh_v3_candidate_taxon"
"Aphyllon franciscanum","fresh_v3_80","configs/sdmr_fresh_empirical_v3_candidate_roster.csv","fresh_v3_candidate_taxon"
"Arabidopsis thaliana","historical84","configs/sdmr_fresh_empirical_historical_exclusion_v1.csv","historical_product_a_or_candidate"
"Arctostaphylos manzanita","fresh_v2_50","configs/sdmr_fresh_empirical_selected_taxa_v1.csv","fresh_v2_selected_taxon"
"Artemisia tridentata","historical84","configs/sdmr_fresh_empirical_historical_exclusion_v1.csv","historical_product_a_or_candidate"
"Arthrostemma ciliatum","fresh_v3_80","configs/sdmr_fresh_empirical_v3_candidate_roster.csv","fresh_v3_candidate_taxon"
"Asplenium platyneuron","fresh_v3_80","configs/sdmr_fresh_empirical_v3_candidate_roster.csv","fresh_v3_candidate_taxon"
"Asplenium trichomanes","historical84","configs/sdmr_fresh_empirical_historical_exclusion_v1.csv","historical_product_a_or_candidate"
"Athyrium filix-femina","historical84","configs/sdmr_fresh_empirical_historical_exclusion_v1.csv","historical_product_a_or_candidate"
"Atriplex canescens","historical84","configs/sdmr_fresh_empirical_historical_exclusion_v1.csv","historical_product_a_or_candidate"
"Atriplex polycarpa","historical84","configs/sdmr_fresh_empirical_historical_exclusion_v1.csv","historical_product_a_or_candidate"
"Avicennia germinans","historical84","configs/sdmr_fresh_empirical_historical_exclusion_v1.csv","historical_product_a_or_candidate"
"Avicennia marina","historical84","configs/sdmr_fresh_empirical_historical_exclusion_v1.csv","historical_product_a_or_candidate"
"Betula pendula","historical84","configs/sdmr_fresh_empirical_historical_exclusion_v1.csv","historical_product_a_or_candidate"
"Betula pubescens","historical84","configs/sdmr_fresh_empirical_historical_exclusion_v1.csv","historical_product_a_or_candidate"
"Broussonetia monoica","fresh_v2_50","configs/sdmr_fresh_empirical_selected_taxa_v1.csv","fresh_v2_selected_taxon"
"Bruguiera gymnorhiza","historical84","configs/sdmr_fresh_empirical_historical_exclusion_v1.csv","historical_product_a_or_candidate"
"Bupleurum praealtum","fresh_v2_50","configs/sdmr_fresh_empirical_selected_taxa_v1.csv","fresh_v2_selected_taxon"
"Burchellia bubalina","fresh_v3_80","configs/sdmr_fresh_empirical_v3_candidate_roster.csv","fresh_v3_candidate_taxon"
"Calamagrostis canadensis","historical84","configs/sdmr_fresh_empirical_historical_exclusion_v1.csv","historical_product_a_or_candidate"
"Calluna vulgaris","historical84","configs/sdmr_fresh_empirical_historical_exclusion_v1.csv","historical_product_a_or_candidate"
"Calypso bulbosa","fresh_v3_80","configs/sdmr_fresh_empirical_v3_candidate_roster.csv","fresh_v3_candidate_taxon"
"Camassia quamash","fresh_v2_50","configs/sdmr_fresh_empirical_selected_taxa_v1.csv","fresh_v2_selected_taxon"
"Capsella bursa-pastoris","historical84","configs/sdmr_fresh_empirical_historical_exclusion_v1.csv","historical_product_a_or_candidate"
"Carex demissa × oederi","fresh_v2_50","configs/sdmr_fresh_empirical_selected_taxa_v1.csv","fresh_v2_selected_taxon"
"Carex paniculata","fresh_v3_80","configs/sdmr_fresh_empirical_v3_candidate_roster.csv","fresh_v3_candidate_taxon"
"Carex rostrata","historical84","configs/sdmr_fresh_empirical_historical_exclusion_v1.csv","historical_product_a_or_candidate"
"Carya ovata","fresh_v2_50","configs/sdmr_fresh_empirical_selected_taxa_v1.csv","fresh_v2_selected_taxon"
"Ceanothus oliganthus","fresh_v2_50","configs/sdmr_fresh_empirical_selected_taxa_v1.csv","fresh_v2_selected_taxon"
"Centella uniflora","fresh_v3_80","configs/sdmr_fresh_empirical_v3_candidate_roster.csv","fresh_v3_candidate_taxon"
"Cerastium semidecandrum","fresh_v3_80","configs/sdmr_fresh_empirical_v3_candidate_roster.csv","fresh_v3_candidate_taxon"
"Cerinthe minor","fresh_v3_80","configs/sdmr_fresh_empirical_v3_candidate_roster.csv","fresh_v3_candidate_taxon"
"Champereia manillana","fresh_v2_50","configs/sdmr_fresh_empirical_selected_taxa_v1.csv","fresh_v2_selected_taxon"
"Clematis occidentalis","fresh_v3_80","configs/sdmr_fresh_empirical_v3_candidate_roster.csv","fresh_v3_candidate_taxon"
"Commelina obliqua","fresh_v2_50","configs/sdmr_fresh_empirical_selected_taxa_v1.csv","fresh_v2_selected_taxon"
"Coprosma repens","fresh_v3_80","configs/sdmr_fresh_empirical_v3_candidate_roster.csv","fresh_v3_candidate_taxon"
"Cordia lutea","fresh_v2_50","configs/sdmr_fresh_empirical_selected_taxa_v1.csv","fresh_v2_selected_taxon"
"Corylus avellana","historical84","configs/sdmr_fresh_empirical_historical_exclusion_v1.csv","historical_product_a_or_candidate"
"Coryphantha cornifera","fresh_v3_80","configs/sdmr_fresh_empirical_v3_candidate_roster.csv","fresh_v3_candidate_taxon"
"Crassula ovata","fresh_v2_50","configs/sdmr_fresh_empirical_selected_taxa_v1.csv","fresh_v2_selected_taxon"
"Cryptantha barbigera","fresh_v2_50","configs/sdmr_fresh_empirical_selected_taxa_v1.csv","fresh_v2_selected_taxon"
"Cunonia capensis","fresh_v3_80","configs/sdmr_fresh_empirical_v3_candidate_roster.csv","fresh_v3_candidate_taxon"
"Dendrobium cunninghamii","fresh_v2_50","configs/sdmr_fresh_empirical_selected_taxa_v1.csv","fresh_v2_selected_taxon"
"Descurainia pinnata","fresh_v3_80","configs/sdmr_fresh_empirical_v3_candidate_roster.csv","fresh_v3_candidate_taxon"
"Diplaziopsis pycnocarpos","fresh_v2_50","configs/sdmr_fresh_empirical_selected_taxa_v1.csv","fresh_v2_selected_taxon"
"Dithyrea californica","fresh_v2_50","configs/sdmr_fresh_empirical_selected_taxa_v1.csv","fresh_v2_selected_taxon"
"Dryopteris filix-mas","historical84","configs/sdmr_fresh_empirical_historical_exclusion_v1.csv","historical_product_a_or_candidate"
"Eleocharis pusilla","fresh_v3_80","configs/sdmr_fresh_empirical_v3_candidate_roster.csv","fresh_v3_candidate_taxon"
"Encelia farinosa","historical84","configs/sdmr_fresh_empirical_historical_exclusion_v1.csv","historical_product_a_or_candidate"
"Ephedra viridis","historical84","configs/sdmr_fresh_empirical_historical_exclusion_v1.csv","historical_product_a_or_candidate"
"Epilobium coloratum","fresh_v3_80","configs/sdmr_fresh_empirical_v3_candidate_roster.csv","fresh_v3_candidate_taxon"
"Epilobium melanocaulon","fresh_v2_50","configs/sdmr_fresh_empirical_selected_taxa_v1.csv","fresh_v2_selected_taxon"
"Eremophila mitchellii","fresh_v2_50","configs/sdmr_fresh_empirical_selected_taxa_v1.csv","fresh_v2_selected_taxon"
"Ericameria nauseosa","historical84","configs/sdmr_fresh_empirical_historical_exclusion_v1.csv","historical_product_a_or_candidate"
"Eriodictyon californicum","fresh_v2_50","configs/sdmr_fresh_empirical_selected_taxa_v1.csv","fresh_v2_selected_taxon"
"Erythroxylum macrophyllum","fresh_v3_80","configs/sdmr_fresh_empirical_v3_candidate_roster.csv","fresh_v3_candidate_taxon"
"Eucalyptus delegatensis","historical84","configs/sdmr_fresh_empirical_historical_exclusion_v1.csv","historical_product_a_or_candidate"
"Eucalyptus globulus","historical84","configs/sdmr_fresh_empirical_historical_exclusion_v1.csv","historical_product_a_or_candidate"
"Eucalyptus microcorys","fresh_v2_50","configs/sdmr_fresh_empirical_selected_taxa_v1.csv","fresh_v2_selected_taxon"
"Eucalyptus obliqua","historical84","configs/sdmr_fresh_empirical_historical_exclusion_v1.csv","historical_product_a_or_candidate"
"Eucalyptus pauciflora","historical84","configs/sdmr_fresh_empirical_historical_exclusion_v1.csv","historical_product_a_or_candidate"
"Eucalyptus platyphylla","fresh_v3_80","configs/sdmr_fresh_empirical_v3_candidate_roster.csv","fresh_v3_candidate_taxon"
"Eucalyptus regnans","historical84","configs/sdmr_fresh_empirical_historical_exclusion_v1.csv","historical_product_a_or_candidate"
"Euphorbia tithymaloides","fresh_v2_50","configs/sdmr_fresh_empirical_selected_taxa_v1.csv","fresh_v2_selected_taxon"
"Euphrasia tetraquetra","fresh_v2_50","configs/sdmr_fresh_empirical_selected_taxa_v1.csv","fresh_v2_selected_taxon"
"Fagus sylvatica","historical84","configs/sdmr_fresh_empirical_historical_exclusion_v1.csv","historical_product_a_or_candidate"
"Ficus septica","fresh_v3_80","configs/sdmr_fresh_empirical_v3_candidate_roster.csv","fresh_v3_candidate_taxon"
"Gagea serotina","fresh_v3_80","configs/sdmr_fresh_empirical_v3_candidate_roster.csv","fresh_v3_candidate_taxon"
"Gentiana burseri","fresh_v2_50","configs/sdmr_fresh_empirical_selected_taxa_v1.csv","fresh_v2_selected_taxon"
"Gentiana calycosa","fresh_v3_80","configs/sdmr_fresh_empirical_v3_candidate_roster.csv","fresh_v3_candidate_taxon"
"Geonoma pohliana","fresh_v2_50","configs/sdmr_fresh_empirical_selected_taxa_v1.csv","fresh_v2_selected_taxon"
"Geranium carolinianum","fresh_v3_80","configs/sdmr_fresh_empirical_v3_candidate_roster.csv","fresh_v3_candidate_taxon"
"Gleichenia alpina","fresh_v3_80","configs/sdmr_fresh_empirical_v3_candidate_roster.csv","fresh_v3_candidate_taxon"
"Glyceria maxima","historical84","configs/sdmr_fresh_empirical_historical_exclusion_v1.csv","historical_product_a_or_candidate"
"Grevillea juniperina","fresh_v3_80","configs/sdmr_fresh_empirical_v3_candidate_roster.csv","fresh_v3_candidate_taxon"
"Guatteria australis","fresh_v3_80","configs/sdmr_fresh_empirical_v3_candidate_roster.csv","fresh_v3_candidate_taxon"
"Hellenia speciosa","fresh_v3_80","configs/sdmr_fresh_empirical_v3_candidate_roster.csv","fresh_v3_candidate_taxon"
"Hieracium spissidens","fresh_v3_80","configs/sdmr_fresh_empirical_v3_candidate_roster.csv","fresh_v3_candidate_taxon"
"Hydrocotyle verticillata","fresh_v3_80","configs/sdmr_fresh_empirical_v3_candidate_roster.csv","fresh_v3_candidate_taxon"
"Hydrophyllum canadense","fresh_v3_80","configs/sdmr_fresh_empirical_v3_candidate_roster.csv","fresh_v3_candidate_taxon"
"Hypoestes forskaolii","fresh_v2_50","configs/sdmr_fresh_empirical_selected_taxa_v1.csv","fresh_v2_selected_taxon"
"Hyptis alata","fresh_v3_80","configs/sdmr_fresh_empirical_v3_candidate_roster.csv","fresh_v3_candidate_taxon"
"Iris pseudacorus","historical84","configs/sdmr_fresh_empirical_historical_exclusion_v1.csv","historical_product_a_or_candidate"
"Jovibarba globifera","fresh_v2_50","configs/sdmr_fresh_empirical_selected_taxa_v1.csv","fresh_v2_selected_taxon"
"Juncus squarrosus","fresh_v3_80","configs/sdmr_fresh_empirical_v3_candidate_roster.csv","fresh_v3_candidate_taxon"
"Juniperus communis","historical84","configs/sdmr_fresh_empirical_historical_exclusion_v1.csv","historical_product_a_or_candidate"
"Kallstroemia maxima","fresh_v3_80","configs/sdmr_fresh_empirical_v3_candidate_roster.csv","fresh_v3_candidate_taxon"
"Laguncularia racemosa","historical84","configs/sdmr_fresh_empirical_historical_exclusion_v1.csv","historical_product_a_or_candidate"
"Lamium purpureum","historical84","configs/sdmr_fresh_empirical_historical_exclusion_v1.csv","historical_product_a_or_candidate"
"Larix laricina","historical84","configs/sdmr_fresh_empirical_historical_exclusion_v1.csv","historical_product_a_or_candidate"
"Larrea tridentata","historical84","configs/sdmr_fresh_empirical_historical_exclusion_v1.csv","historical_product_a_or_candidate"
"Lavandula pedunculata","fresh_v3_80","configs/sdmr_fresh_empirical_v3_candidate_roster.csv","fresh_v3_candidate_taxon"
"Lomandra collina","fresh_v3_80","configs/sdmr_fresh_empirical_v3_candidate_roster.csv","fresh_v3_candidate_taxon"
"Luzula arcuata","fresh_v3_80","configs/sdmr_fresh_empirical_v3_candidate_roster.csv","fresh_v3_candidate_taxon"
"Macropiper excelsum","fresh_v3_80","configs/sdmr_fresh_empirical_v3_candidate_roster.csv","fresh_v3_candidate_taxon"
"Maireana appressa","fresh_v3_80","configs/sdmr_fresh_empirical_v3_candidate_roster.csv","fresh_v3_candidate_taxon"
"Marginatocereus marginatus","fresh_v3_80","configs/sdmr_fresh_empirical_v3_candidate_roster.csv","fresh_v3_candidate_taxon"
"Matteuccia struthiopteris","historical84","configs/sdmr_fresh_empirical_historical_exclusion_v1.csv","historical_product_a_or_candidate"
"Miconia sericea","fresh_v2_50","configs/sdmr_fresh_empirical_selected_taxa_v1.csv","fresh_v2_selected_taxon"
"Micranthes foliolosa","fresh_v3_80","configs/sdmr_fresh_empirical_v3_candidate_roster.csv","fresh_v3_candidate_taxon"
"Microsorum scolopendria","fresh_v2_50","configs/sdmr_fresh_empirical_selected_taxa_v1.csv","fresh_v2_selected_taxon"
"Monotropastrum humile","fresh_v3_80","configs/sdmr_fresh_empirical_v3_candidate_roster.csv","fresh_v3_candidate_taxon"
"Musanga cecropioides","fresh_v3_80","configs/sdmr_fresh_empirical_v3_candidate_roster.csv","fresh_v3_candidate_taxon"
"Myriopteris lindheimeri","fresh_v3_80","configs/sdmr_fresh_empirical_v3_candidate_roster.csv","fresh_v3_candidate_taxon"
"Nelumbo nucifera","fresh_v2_50","configs/sdmr_fresh_empirical_selected_taxa_v1.csv","fresh_v2_selected_taxon"
"Nothofagus antarctica","historical84","configs/sdmr_fresh_empirical_historical_exclusion_v1.csv","historical_product_a_or_candidate"
"Nothofagus betuloides","historical84","configs/sdmr_fresh_empirical_historical_exclusion_v1.csv","historical_product_a_or_candidate"
"Nothofagus dombeyi","historical84","configs/sdmr_fresh_empirical_historical_exclusion_v1.csv","historical_product_a_or_candidate"
"Nothofagus pumilio","historical84","configs/sdmr_fresh_empirical_historical_exclusion_v1.csv","historical_product_a_or_candidate"
"Ophrys arachnitiformis","fresh_v2_50","configs/sdmr_fresh_empirical_selected_taxa_v1.csv","fresh_v2_selected_taxon"
"Parogonum ciliinode","fresh_v3_80","configs/sdmr_fresh_empirical_v3_candidate_roster.csv","fresh_v3_candidate_taxon"
"Paronychia cephalotes","fresh_v3_80","configs/sdmr_fresh_empirical_v3_candidate_roster.csv","fresh_v3_candidate_taxon"
"Penstemon ellipticus","fresh_v3_80","configs/sdmr_fresh_empirical_v3_candidate_roster.csv","fresh_v3_candidate_taxon"
"Phalaris arundinacea","historical84","configs/sdmr_fresh_empirical_historical_exclusion_v1.csv","historical_product_a_or_candidate"
"Philodendron quinquenervium","fresh_v2_50","configs/sdmr_fresh_empirical_selected_taxa_v1.csv","fresh_v2_selected_taxon"
"Phoenicaulis cheiranthoides","fresh_v3_80","configs/sdmr_fresh_empirical_v3_candidate_roster.csv","fresh_v3_candidate_taxon"
"Phragmites australis","historical84","configs/sdmr_fresh_empirical_historical_exclusion_v1.csv","historical_product_a_or_candidate"
"Picea abies","historical84","configs/sdmr_fresh_empirical_historical_exclusion_v1.csv","historical_product_a_or_candidate"
"Picea engelmannii","historical84","configs/sdmr_fresh_empirical_historical_exclusion_v1.csv","historical_product_a_or_candidate"
"Picea glauca","historical84","configs/sdmr_fresh_empirical_historical_exclusion_v1.csv","historical_product_a_or_candidate"
"Picea mariana","historical84","configs/sdmr_fresh_empirical_historical_exclusion_v1.csv","historical_product_a_or_candidate"
"Picea rubens","historical84","configs/sdmr_fresh_empirical_historical_exclusion_v1.csv","historical_product_a_or_candidate"
"Picea sitchensis","historical84","configs/sdmr_fresh_empirical_historical_exclusion_v1.csv","historical_product_a_or_candidate"
"Pimpinella villosa","fresh_v2_50","configs/sdmr_fresh_empirical_selected_taxa_v1.csv","fresh_v2_selected_taxon"
"Pinus banksiana","historical84","configs/sdmr_fresh_empirical_historical_exclusion_v1.csv","historical_product_a_or_candidate"
"Pinus cembra","historical84","configs/sdmr_fresh_empirical_historical_exclusion_v1.csv","historical_product_a_or_candidate"
"Pinus contorta","historical84","configs/sdmr_fresh_empirical_historical_exclusion_v1.csv","historical_product_a_or_candidate"
"Pinus resinosa","historical84","configs/sdmr_fresh_empirical_historical_exclusion_v1.csv","historical_product_a_or_candidate"
"Pinus sylvestris","historical84","configs/sdmr_fresh_empirical_historical_exclusion_v1.csv","historical_product_a_or_candidate"
"Pinus taeda","fresh_v2_50","configs/sdmr_fresh_empirical_selected_taxa_v1.csv","fresh_v2_selected_taxon"
"Pittosporum viridiflorum","fresh_v3_80","configs/sdmr_fresh_empirical_v3_candidate_roster.csv","fresh_v3_candidate_taxon"
"Poa annua","historical84","configs/sdmr_fresh_empirical_historical_exclusion_v1.csv","historical_product_a_or_candidate"
"Polypodium vulgare","historical84","configs/sdmr_fresh_empirical_historical_exclusion_v1.csv","historical_product_a_or_candidate"
"Polystichum acrostichoides","historical84","configs/sdmr_fresh_empirical_historical_exclusion_v1.csv","historical_product_a_or_candidate"
"Pontederia cordata","historical84","configs/sdmr_fresh_empirical_historical_exclusion_v1.csv","historical_product_a_or_candidate"
"Prunus andersonii","fresh_v3_80","configs/sdmr_fresh_empirical_v3_candidate_roster.csv","fresh_v3_candidate_taxon"
"Pseudolycopodium densum","fresh_v3_80","configs/sdmr_fresh_empirical_v3_candidate_roster.csv","fresh_v3_candidate_taxon"
"Pseudotsuga menziesii","historical84","configs/sdmr_fresh_empirical_historical_exclusion_v1.csv","historical_product_a_or_candidate"
"Pteridium aquilinum","historical84","configs/sdmr_fresh_empirical_historical_exclusion_v1.csv","historical_product_a_or_candidate"
"Pullenia gunnii","fresh_v3_80","configs/sdmr_fresh_empirical_v3_candidate_roster.csv","fresh_v3_candidate_taxon"
"Quercus lyrata","fresh_v2_50","configs/sdmr_fresh_empirical_selected_taxa_v1.csv","fresh_v2_selected_taxon"
"Quercus robur","historical84","configs/sdmr_fresh_empirical_historical_exclusion_v1.csv","historical_product_a_or_candidate"
"Ranunculus bullatus","fresh_v3_80","configs/sdmr_fresh_empirical_v3_candidate_roster.csv","fresh_v3_candidate_taxon"
"Ranunculus thora","fresh_v2_50","configs/sdmr_fresh_empirical_selected_taxa_v1.csv","fresh_v2_selected_taxon"
"Raoulia tenuicaulis","fresh_v2_50","configs/sdmr_fresh_empirical_selected_taxa_v1.csv","fresh_v2_selected_taxon"
"Raukaua edgerleyi","fresh_v3_80","configs/sdmr_fresh_empirical_v3_candidate_roster.csv","fresh_v3_candidate_taxon"
"Rhizophora apiculata","historical84","configs/sdmr_fresh_empirical_historical_exclusion_v1.csv","historical_product_a_or_candidate"
"Rhizophora mangle","historical84","configs/sdmr_fresh_empirical_historical_exclusion_v1.csv","historical_product_a_or_candidate"
"Rhizophora mucronata","historical84","configs/sdmr_fresh_empirical_historical_exclusion_v1.csv","historical_product_a_or_candidate"
"Ribes magellanicum","fresh_v3_80","configs/sdmr_fresh_empirical_v3_candidate_roster.csv","fresh_v3_candidate_taxon"
"Rosa canina","historical84","configs/sdmr_fresh_empirical_historical_exclusion_v1.csv","historical_product_a_or_candidate"
"Rotala rotundifolia","fresh_v3_80","configs/sdmr_fresh_empirical_v3_candidate_roster.csv","fresh_v3_candidate_taxon"
"Roupala montana","fresh_v3_80","configs/sdmr_fresh_empirical_v3_candidate_roster.csv","fresh_v3_candidate_taxon"
"Rubus elegantispinosus","fresh_v2_50","configs/sdmr_fresh_empirical_selected_taxa_v1.csv","fresh_v2_selected_taxon"
"Rubus idaeus","historical84","configs/sdmr_fresh_empirical_historical_exclusion_v1.csv","historical_product_a_or_candidate"
"Rubus saxatilis","fresh_v3_80","configs/sdmr_fresh_empirical_v3_candidate_roster.csv","fresh_v3_candidate_taxon"
"Rumex aquaticus","fresh_v3_80","configs/sdmr_fresh_empirical_v3_candidate_roster.csv","fresh_v3_candidate_taxon"
"Rytidosperma pilosum","fresh_v2_50","configs/sdmr_fresh_empirical_selected_taxa_v1.csv","fresh_v2_selected_taxon"
"Sabatia angularis","fresh_v2_50","configs/sdmr_fresh_empirical_selected_taxa_v1.csv","fresh_v2_selected_taxon"
"Sagittaria latifolia","historical84","configs/sdmr_fresh_empirical_historical_exclusion_v1.csv","historical_product_a_or_candidate"
"Salix sitchensis","fresh_v3_80","configs/sdmr_fresh_empirical_v3_candidate_roster.csv","fresh_v3_candidate_taxon"
"Salvadora persica","fresh_v2_50","configs/sdmr_fresh_empirical_selected_taxa_v1.csv","fresh_v2_selected_taxon"
"Sambucus nigra","historical84","configs/sdmr_fresh_empirical_historical_exclusion_v1.csv","historical_product_a_or_candidate"
"Saponaria ocymoides","fresh_v2_50","configs/sdmr_fresh_empirical_selected_taxa_v1.csv","fresh_v2_selected_taxon"
"Schoenoplectus acutus","historical84","configs/sdmr_fresh_empirical_historical_exclusion_v1.csv","historical_product_a_or_candidate"
"Schoenoplectus tabernaemontani","historical84","configs/sdmr_fresh_empirical_historical_exclusion_v1.csv","historical_product_a_or_candidate"
"Selaginella arenicola","fresh_v2_50","configs/sdmr_fresh_empirical_selected_taxa_v1.csv","fresh_v2_selected_taxon"
"Senecio vulgaris","historical84","configs/sdmr_fresh_empirical_historical_exclusion_v1.csv","historical_product_a_or_candidate"
"Serpocaulon catharinae","fresh_v3_80","configs/sdmr_fresh_empirical_v3_candidate_roster.csv","fresh_v3_candidate_taxon"
"Sidalcea candida","fresh_v3_80","configs/sdmr_fresh_empirical_v3_candidate_roster.csv","fresh_v3_candidate_taxon"
"Silphiodaucus prutenicus","fresh_v3_80","configs/sdmr_fresh_empirical_v3_candidate_roster.csv","fresh_v3_candidate_taxon"
"Smilax ecirrhata","fresh_v3_80","configs/sdmr_fresh_empirical_v3_candidate_roster.csv","fresh_v3_candidate_taxon"
"Solanum chrysotrichum","fresh_v3_80","configs/sdmr_fresh_empirical_v3_candidate_roster.csv","fresh_v3_candidate_taxon"
"Spiraea arguta","fresh_v2_50","configs/sdmr_fresh_empirical_selected_taxa_v1.csv","fresh_v2_selected_taxon"
"Sporobolus pyramidalis","fresh_v3_80","configs/sdmr_fresh_empirical_v3_candidate_roster.csv","fresh_v3_candidate_taxon"
"Stellaria media","historical84","configs/sdmr_fresh_empirical_historical_exclusion_v1.csv","historical_product_a_or_candidate"
"Symphyotrichum simmondsii","fresh_v3_80","configs/sdmr_fresh_empirical_v3_candidate_roster.csv","fresh_v3_candidate_taxon"
"Taxodium mucronatum","fresh_v3_80","configs/sdmr_fresh_empirical_v3_candidate_roster.csv","fresh_v3_candidate_taxon"
"Thelymitra antennifera","fresh_v3_80","configs/sdmr_fresh_empirical_v3_candidate_roster.csv","fresh_v3_candidate_taxon"
"Thuja occidentalis","historical84","configs/sdmr_fresh_empirical_historical_exclusion_v1.csv","historical_product_a_or_candidate"
"Trichilia elegans","fresh_v2_50","configs/sdmr_fresh_empirical_selected_taxa_v1.csv","fresh_v2_selected_taxon"
"Tristerix corymbosus","fresh_v3_80","configs/sdmr_fresh_empirical_v3_candidate_roster.csv","fresh_v3_candidate_taxon"
"Typha angustifolia","historical84","configs/sdmr_fresh_empirical_historical_exclusion_v1.csv","historical_product_a_or_candidate"
"Typha latifolia","historical84","configs/sdmr_fresh_empirical_historical_exclusion_v1.csv","historical_product_a_or_candidate"
"Ulex europaeus","historical84","configs/sdmr_fresh_empirical_historical_exclusion_v1.csv","historical_product_a_or_candidate"
"Vaccinium myrtillus","historical84","configs/sdmr_fresh_empirical_historical_exclusion_v1.csv","historical_product_a_or_candidate"
"Veronica persica","historical84","configs/sdmr_fresh_empirical_historical_exclusion_v1.csv","historical_product_a_or_candidate"
"Viburnum prunifolium","fresh_v2_50","configs/sdmr_fresh_empirical_selected_taxa_v1.csv","fresh_v2_selected_taxon"
"Vinca difformis","fresh_v3_80","configs/sdmr_fresh_empirical_v3_candidate_roster.csv","fresh_v3_candidate_taxon"
"Viola fimbriatula","fresh_v3_80","configs/sdmr_fresh_empirical_v3_candidate_roster.csv","fresh_v3_candidate_taxon"
"Wachendorfia paniculata","fresh_v3_80","configs/sdmr_fresh_empirical_v3_candidate_roster.csv","fresh_v3_candidate_taxon"
"Xylocarpus granatum","fresh_v3_80","configs/sdmr_fresh_empirical_v3_candidate_roster.csv","fresh_v3_candidate_taxon"
"Zingiber spectabile","fresh_v3_80","configs/sdmr_fresh_empirical_v3_candidate_roster.csv","fresh_v3_candidate_taxon"
