scientific_name,source_files,exclusion_reason
"Abies alba","configs/product_a_v2_7_1_fresh_taxon_candidates.csv;configs/product_a_v2_7_3_rank3_taxa.csv","historical_product_a_taxon_or_predeclared_candidate"
"Abies balsamea","configs/product_a_v2_8_1_fresh_confirmation_taxa.csv;configs/product_a_v2_8_1_fresh_taxon_candidates.csv;configs/product_a_v2_8_2_fresh_confirmation_taxa.csv","historical_product_a_taxon_or_predeclared_candidate"
"Abies concolor","configs/product_a_v2_8_1_fresh_taxon_candidates.csv","historical_product_a_taxon_or_predeclared_candidate"
"Abies lasiocarpa","configs/product_a_v2_7_1_fresh_confirmation_taxa.csv;configs/product_a_v2_7_1_fresh_taxon_candidates.csv","historical_product_a_taxon_or_predeclared_candidate"
"Acer platanoides","configs/product_a_v2_8_1_fresh_confirmation_taxa.csv;configs/product_a_v2_8_1_fresh_taxon_candidates.csv;configs/product_a_v2_8_2_fresh_confirmation_taxa.csv","historical_product_a_taxon_or_predeclared_candidate"
"Acer pseudoplatanus","configs/product_a_v2_7_1_fresh_taxon_candidates.csv;configs/product_a_v2_7_3_rank3_taxa.csv","historical_product_a_taxon_or_predeclared_candidate"
"Agrostis stolonifera","configs/product_a_v2_8_1_fresh_confirmation_taxa.csv;configs/product_a_v2_8_1_fresh_taxon_candidates.csv;configs/product_a_v2_8_2_fresh_confirmation_taxa.csv","historical_product_a_taxon_or_predeclared_candidate"
"Alnus glutinosa","configs/product_a_v2_8_1_fresh_taxon_candidates.csv","historical_product_a_taxon_or_predeclared_candidate"
"Alopecurus geniculatus","configs/product_a_v2_8_1_fresh_taxon_candidates.csv","historical_product_a_taxon_or_predeclared_candidate"
"Arabidopsis thaliana","configs/product_a_pilot_taxa_v1.csv;configs/product_a_v2_empirical_transfer_all12_taxa.csv","historical_product_a_taxon_or_predeclared_candidate"
"Artemisia tridentata","configs/product_a_v2_7_1_fresh_confirmation_taxa.csv;configs/product_a_v2_7_1_fresh_taxon_candidates.csv","historical_product_a_taxon_or_predeclared_candidate"
"Asplenium trichomanes","configs/product_a_v2_8_1_fresh_confirmation_taxa.csv;configs/product_a_v2_8_1_fresh_taxon_candidates.csv;configs/product_a_v2_8_2_fresh_confirmation_taxa.csv","historical_product_a_taxon_or_predeclared_candidate"
"Athyrium filix-femina","configs/product_a_v2_7_1_fresh_taxon_candidates.csv;configs/product_a_v2_7_2_fresh_confirmation_taxa.csv","historical_product_a_taxon_or_predeclared_candidate"
"Atriplex canescens","configs/product_a_v2_7_1_fresh_taxon_candidates.csv;configs/product_a_v2_7_2_fresh_confirmation_taxa.csv","historical_product_a_taxon_or_predeclared_candidate"
"Atriplex polycarpa","configs/product_a_v2_8_1_fresh_taxon_candidates.csv","historical_product_a_taxon_or_predeclared_candidate"
"Avicennia germinans","configs/product_a_v2_7_1_fresh_confirmation_taxa.csv;configs/product_a_v2_7_1_fresh_taxon_candidates.csv","historical_product_a_taxon_or_predeclared_candidate"
"Avicennia marina","configs/product_a_v2_7_1_fresh_taxon_candidates.csv;configs/product_a_v2_7_2_fresh_confirmation_taxa.csv","historical_product_a_taxon_or_predeclared_candidate"
"Betula pendula","configs/product_a_v2_7_1_fresh_confirmation_taxa.csv;configs/product_a_v2_7_1_fresh_taxon_candidates.csv","historical_product_a_taxon_or_predeclared_candidate"
"Betula pubescens","configs/product_a_v2_8_1_fresh_taxon_candidates.csv","historical_product_a_taxon_or_predeclared_candidate"
"Bruguiera gymnorhiza","configs/product_a_v2_8_1_fresh_taxon_candidates.csv","historical_product_a_taxon_or_predeclared_candidate"
"Calamagrostis canadensis","configs/product_a_v2_7_1_fresh_taxon_candidates.csv;configs/product_a_v2_7_3_rank3_taxa.csv","historical_product_a_taxon_or_predeclared_candidate"
"Calluna vulgaris","configs/product_a_pilot_taxa_v1.csv;configs/product_a_v2_empirical_transfer_all12_taxa.csv","historical_product_a_taxon_or_predeclared_candidate"
"Capsella bursa-pastoris","configs/product_a_v2_7_1_fresh_confirmation_taxa.csv;configs/product_a_v2_7_1_fresh_taxon_candidates.csv","historical_product_a_taxon_or_predeclared_candidate"
"Carex rostrata","configs/product_a_v2_8_1_fresh_taxon_candidates.csv","historical_product_a_taxon_or_predeclared_candidate"
"Corylus avellana","configs/product_a_v2_8_1_fresh_taxon_candidates.csv","historical_product_a_taxon_or_predeclared_candidate"
"Dryopteris filix-mas","configs/product_a_pilot_taxa_v1.csv;configs/product_a_v2_empirical_transfer_all12_taxa.csv","historical_product_a_taxon_or_predeclared_candidate"
"Encelia farinosa","configs/product_a_v2_7_1_fresh_taxon_candidates.csv;configs/product_a_v2_7_3_rank3_taxa.csv","historical_product_a_taxon_or_predeclared_candidate"
"Ephedra viridis","configs/product_a_v2_8_1_fresh_taxon_candidates.csv","historical_product_a_taxon_or_predeclared_candidate"
"Ericameria nauseosa","configs/product_a_v2_8_1_fresh_confirmation_taxa.csv;configs/product_a_v2_8_1_fresh_taxon_candidates.csv;configs/product_a_v2_8_2_fresh_confirmation_taxa.csv","historical_product_a_taxon_or_predeclared_candidate"
"Eucalyptus delegatensis","configs/product_a_v2_7_1_fresh_taxon_candidates.csv;configs/product_a_v2_7_3_rank3_taxa.csv","historical_product_a_taxon_or_predeclared_candidate"
"Eucalyptus globulus","configs/product_a_v2_7_1_fresh_taxon_candidates.csv;configs/product_a_v2_7_3_rank3_taxa.csv","historical_product_a_taxon_or_predeclared_candidate"
"Eucalyptus obliqua","configs/product_a_v2_8_1_fresh_confirmation_taxa.csv;configs/product_a_v2_8_1_fresh_taxon_candidates.csv;configs/product_a_v2_8_2_fresh_confirmation_taxa.csv","historical_product_a_taxon_or_predeclared_candidate"
"Eucalyptus pauciflora","configs/product_a_pilot_taxa_v1.csv;configs/product_a_v2_empirical_smoke_taxa.csv;configs/product_a_v2_empirical_transfer_all12_taxa.csv;configs/product_a_v2_empirical_transfer_stage1_taxa.csv","historical_product_a_taxon_or_predeclared_candidate"
"Eucalyptus regnans","configs/product_a_v2_8_1_fresh_taxon_candidates.csv","historical_product_a_taxon_or_predeclared_candidate"
"Fagus sylvatica","configs/product_a_v2_7_1_fresh_taxon_candidates.csv;configs/product_a_v2_7_2_fresh_confirmation_taxa.csv","historical_product_a_taxon_or_predeclared_candidate"
"Glyceria maxima","configs/product_a_v2_7_1_fresh_taxon_candidates.csv;configs/product_a_v2_7_2_fresh_confirmation_taxa.csv","historical_product_a_taxon_or_predeclared_candidate"
"Iris pseudacorus","configs/product_a_v2_7_1_fresh_taxon_candidates.csv;configs/product_a_v2_7_2_fresh_confirmation_taxa.csv","historical_product_a_taxon_or_predeclared_candidate"
"Juniperus communis","configs/product_a_v2_7_1_fresh_taxon_candidates.csv;configs/product_a_v2_7_2_fresh_confirmation_taxa.csv","historical_product_a_taxon_or_predeclared_candidate"
"Laguncularia racemosa","configs/product_a_v2_7_1_fresh_taxon_candidates.csv;configs/product_a_v2_7_3_rank3_taxa.csv","historical_product_a_taxon_or_predeclared_candidate"
"Lamium purpureum","configs/product_a_v2_8_1_fresh_taxon_candidates.csv","historical_product_a_taxon_or_predeclared_candidate"
"Larix laricina","configs/product_a_v2_7_1_fresh_taxon_candidates.csv;configs/product_a_v2_7_2_fresh_confirmation_taxa.csv","historical_product_a_taxon_or_predeclared_candidate"
"Larrea tridentata","configs/product_a_pilot_taxa_v1.csv;configs/product_a_v2_empirical_transfer_all12_taxa.csv;configs/product_a_v2_empirical_transfer_stage1_taxa.csv","historical_product_a_taxon_or_predeclared_candidate"
"Matteuccia struthiopteris","configs/product_a_v2_8_1_fresh_taxon_candidates.csv","historical_product_a_taxon_or_predeclared_candidate"
"Nothofagus antarctica","configs/product_a_v2_7_1_fresh_confirmation_taxa.csv;configs/product_a_v2_7_1_fresh_taxon_candidates.csv","historical_product_a_taxon_or_predeclared_candidate"
"Nothofagus betuloides","configs/product_a_v2_7_1_fresh_taxon_candidates.csv;configs/product_a_v2_7_2_fresh_confirmation_taxa.csv","historical_product_a_taxon_or_predeclared_candidate"
"Nothofagus dombeyi","configs/product_a_v2_8_1_fresh_taxon_candidates.csv","historical_product_a_taxon_or_predeclared_candidate"
"Nothofagus pumilio","configs/product_a_pilot_taxa_v1.csv;configs/product_a_v2_empirical_smoke_taxa.csv;configs/product_a_v2_empirical_transfer_all12_taxa.csv;configs/product_a_v2_empirical_transfer_stage1_taxa.csv","historical_product_a_taxon_or_predeclared_candidate"
"Phalaris arundinacea","configs/product_a_v2_7_1_fresh_confirmation_taxa.csv;configs/product_a_v2_7_1_fresh_taxon_candidates.csv","historical_product_a_taxon_or_predeclared_candidate"
"Phragmites australis","configs/product_a_pilot_taxa_v1.csv;configs/product_a_v2_empirical_transfer_all12_taxa.csv","historical_product_a_taxon_or_predeclared_candidate"
"Picea abies","configs/product_a_v2_7_1_fresh_confirmation_taxa.csv;configs/product_a_v2_7_1_fresh_taxon_candidates.csv","historical_product_a_taxon_or_predeclared_candidate"
"Picea engelmannii","configs/product_a_v2_8_1_fresh_confirmation_taxa.csv;configs/product_a_v2_8_1_fresh_taxon_candidates.csv;configs/product_a_v2_8_2_fresh_confirmation_taxa.csv","historical_product_a_taxon_or_predeclared_candidate"
"Picea glauca","configs/product_a_v2_7_1_fresh_confirmation_taxa.csv;configs/product_a_v2_7_1_fresh_taxon_candidates.csv","historical_product_a_taxon_or_predeclared_candidate"
"Picea mariana","configs/product_a_pilot_taxa_v1.csv;configs/product_a_v2_empirical_transfer_all12_taxa.csv;configs/product_a_v2_empirical_transfer_stage1_taxa.csv","historical_product_a_taxon_or_predeclared_candidate"
"Picea rubens","configs/product_a_v2_8_1_fresh_taxon_candidates.csv","historical_product_a_taxon_or_predeclared_candidate"
"Picea sitchensis","configs/product_a_v2_8_1_fresh_taxon_candidates.csv","historical_product_a_taxon_or_predeclared_candidate"
"Pinus banksiana","configs/product_a_v2_7_1_fresh_taxon_candidates.csv;configs/product_a_v2_7_3_rank3_taxa.csv","historical_product_a_taxon_or_predeclared_candidate"
"Pinus cembra","configs/product_a_v2_7_1_fresh_taxon_candidates.csv;configs/product_a_v2_7_2_fresh_confirmation_taxa.csv","historical_product_a_taxon_or_predeclared_candidate"
"Pinus contorta","configs/product_a_v2_8_1_fresh_taxon_candidates.csv","historical_product_a_taxon_or_predeclared_candidate"
"Pinus resinosa","configs/product_a_v2_8_1_fresh_taxon_candidates.csv","historical_product_a_taxon_or_predeclared_candidate"
"Pinus sylvestris","configs/product_a_pilot_taxa_v1.csv;configs/product_a_v2_empirical_transfer_all12_taxa.csv","historical_product_a_taxon_or_predeclared_candidate"
"Poa annua","configs/product_a_v2_8_1_fresh_confirmation_taxa.csv;configs/product_a_v2_8_1_fresh_taxon_candidates.csv;configs/product_a_v2_8_2_fresh_confirmation_taxa.csv","historical_product_a_taxon_or_predeclared_candidate"
"Polypodium vulgare","configs/product_a_v2_7_1_fresh_taxon_candidates.csv;configs/product_a_v2_7_3_rank3_taxa.csv","historical_product_a_taxon_or_predeclared_candidate"
"Polystichum acrostichoides","configs/product_a_v2_8_1_fresh_taxon_candidates.csv","historical_product_a_taxon_or_predeclared_candidate"
"Pontederia cordata","configs/product_a_v2_8_1_fresh_taxon_candidates.csv","historical_product_a_taxon_or_predeclared_candidate"
"Pseudotsuga menziesii","configs/product_a_v2_8_1_fresh_confirmation_taxa.csv;configs/product_a_v2_8_1_fresh_taxon_candidates.csv;configs/product_a_v2_8_2_fresh_confirmation_taxa.csv","historical_product_a_taxon_or_predeclared_candidate"
"Pteridium aquilinum","configs/product_a_v2_7_1_fresh_confirmation_taxa.csv;configs/product_a_v2_7_1_fresh_taxon_candidates.csv","historical_product_a_taxon_or_predeclared_candidate"
"Quercus robur","configs/product_a_pilot_taxa_v1.csv;configs/product_a_v2_empirical_transfer_all12_taxa.csv","historical_product_a_taxon_or_predeclared_candidate"
"Rhizophora apiculata","configs/product_a_v2_8_1_fresh_taxon_candidates.csv","historical_product_a_taxon_or_predeclared_candidate"
"Rhizophora mangle","configs/product_a_pilot_taxa_v1.csv;configs/product_a_v2_empirical_transfer_all12_taxa.csv;configs/product_a_v2_empirical_transfer_stage1_taxa.csv","historical_product_a_taxon_or_predeclared_candidate"
"Rhizophora mucronata","configs/product_a_v2_8_1_fresh_confirmation_taxa.csv;configs/product_a_v2_8_1_fresh_taxon_candidates.csv;configs/product_a_v2_8_2_fresh_confirmation_taxa.csv","historical_product_a_taxon_or_predeclared_candidate"
"Rosa canina","configs/product_a_v2_8_1_fresh_taxon_candidates.csv","historical_product_a_taxon_or_predeclared_candidate"
"Rubus idaeus","configs/product_a_v2_7_1_fresh_taxon_candidates.csv;configs/product_a_v2_7_3_rank3_taxa.csv","historical_product_a_taxon_or_predeclared_candidate"
"Sagittaria latifolia","configs/product_a_v2_8_1_fresh_confirmation_taxa.csv;configs/product_a_v2_8_1_fresh_taxon_candidates.csv;configs/product_a_v2_8_2_fresh_confirmation_taxa.csv","historical_product_a_taxon_or_predeclared_candidate"
"Sambucus nigra","configs/product_a_v2_8_1_fresh_confirmation_taxa.csv;configs/product_a_v2_8_1_fresh_taxon_candidates.csv;configs/product_a_v2_8_2_fresh_confirmation_taxa.csv","historical_product_a_taxon_or_predeclared_candidate"
"Schoenoplectus acutus","configs/product_a_v2_8_1_fresh_taxon_candidates.csv","historical_product_a_taxon_or_predeclared_candidate"
"Schoenoplectus tabernaemontani","configs/product_a_v2_7_1_fresh_taxon_candidates.csv;configs/product_a_v2_7_3_rank3_taxa.csv","historical_product_a_taxon_or_predeclared_candidate"
"Senecio vulgaris","configs/product_a_v2_7_1_fresh_taxon_candidates.csv;configs/product_a_v2_7_3_rank3_taxa.csv","historical_product_a_taxon_or_predeclared_candidate"
"Stellaria media","configs/product_a_v2_7_1_fresh_taxon_candidates.csv;configs/product_a_v2_7_2_fresh_confirmation_taxa.csv","historical_product_a_taxon_or_predeclared_candidate"
"Thuja occidentalis","configs/product_a_v2_8_1_fresh_taxon_candidates.csv","historical_product_a_taxon_or_predeclared_candidate"
"Typha angustifolia","configs/product_a_v2_7_1_fresh_confirmation_taxa.csv;configs/product_a_v2_7_1_fresh_taxon_candidates.csv","historical_product_a_taxon_or_predeclared_candidate"
"Typha latifolia","configs/product_a_pilot_taxa_v1.csv;configs/product_a_v2_empirical_transfer_all12_taxa.csv","historical_product_a_taxon_or_predeclared_candidate"
"Ulex europaeus","configs/product_a_v2_7_1_fresh_taxon_candidates.csv;configs/product_a_v2_7_2_fresh_confirmation_taxa.csv","historical_product_a_taxon_or_predeclared_candidate"
"Vaccinium myrtillus","configs/product_a_v2_7_1_fresh_confirmation_taxa.csv;configs/product_a_v2_7_1_fresh_taxon_candidates.csv","historical_product_a_taxon_or_predeclared_candidate"
"Veronica persica","configs/product_a_v2_8_1_fresh_taxon_candidates.csv","historical_product_a_taxon_or_predeclared_candidate"
